<?xml version="1.0" encoding="UTF-8" standalone="yes" ?>
<appProperties xmlns="http://schemas.mathworks.com/matlab/app/2012/appProperties" signature="2D63D098174B1108EA9B3B11E9BCA443523E53DE">

  <entryPoint>MatLabProjectFinal</entryPoint>

  <name>MatLabProjectFinal</name>

  <version>2.1</version>

  <createdByMATLABRelease>(R2021b)</createdByMATLABRelease>

  <GUID>a77ab2f9-582d-4c8a-83d0-945474aff74d</GUID>

  <author>
    <name>Jakub Gucik</name>
    <contact></contact>
    <organization></organization>
  </author>

  <supportedPlatforms/>

  <requiredProducts/>

  <numFiles>2</numFiles>

  <created>2022-01-26T12:33:55Z</created>

  <appEntries>
    <appFile>/MatLabProjectFinal.mlapp</appFile>
    <appFile>/bandpassfilterproject.m</appFile>
  </appEntries>

</appProperties>
